{"cameraMode":{"drawMode":0,"name":"Shaded","section":"Shading Mode"},"sceneLighting":false,"audioPlay":false,"sceneViewState":{"showFog":true,"showMaterialUpdate":false,"showSkybox":false,"showFlares":true,"showImageEffects":true,"showParticleSystems":true},"in2DMode":false,"pivot":{"x":-0.4182642996311188,"y":-1.5541812181472779,"z":-3.0226247310638429},"rotation":{"x":0.21158665418624879,"y":0.6704975366592407,"z":-0.679828405380249,"w":0.20871667563915254},"size":0.8660257458686829,"orthographic":false}