{"cameraMode":{"drawMode":0,"name":"Shaded","section":"Shading Mode"},"sceneLighting":false,"audioPlay":false,"sceneViewState":{"showFog":true,"showMaterialUpdate":false,"showSkybox":false,"showFlares":true,"showImageEffects":true,"showParticleSystems":true},"in2DMode":false,"pivot":{"x":-0.24666571617126466,"y":-1.0120651721954346,"z":-3.9496285915374758},"rotation":{"x":-0.010006134398281575,"y":0.9181287884712219,"z":-0.395559698343277,"w":-0.023174112662672998},"size":0.8660257458686829,"orthographic":false}