{"cameraMode":{"drawMode":0,"name":"Shaded","section":"Shading Mode"},"sceneLighting":true,"audioPlay":false,"sceneViewState":{"showFog":true,"showMaterialUpdate":false,"showSkybox":true,"showFlares":true,"showImageEffects":true,"showParticleSystems":true},"in2DMode":false,"pivot":{"x":0.08005690574645996,"y":-0.12996530532836915,"z":0.7590286135673523},"rotation":{"x":0.07988527417182923,"y":-0.47917047142982485,"z":0.04439249634742737,"w":0.8731682896614075},"size":0.8660253882408142,"orthographic":false}