{"cameraMode":{"drawMode":0,"name":"Shaded","section":"Shading Mode"},"sceneLighting":false,"audioPlay":false,"sceneViewState":{"showFog":true,"showMaterialUpdate":true,"showSkybox":false,"showFlares":true,"showImageEffects":true,"showParticleSystems":true},"in2DMode":false,"pivot":{"x":0.12004998326301575,"y":0.03039650246500969,"z":-0.00808500126004219},"rotation":{"x":-0.1365635097026825,"y":0.03892882168292999,"z":-0.005422020331025124,"w":-0.989905595779419},"size":0.09873659163713455,"orthographic":false}