{"cameraMode":{"drawMode":0,"name":"Shaded","section":"Shading Mode"},"sceneLighting":false,"audioPlay":false,"sceneViewState":{"showFog":true,"showMaterialUpdate":true,"showSkybox":false,"showFlares":true,"showImageEffects":true,"showParticleSystems":true},"in2DMode":false,"pivot":{"x":0.09792220592498779,"y":0.020239021629095079,"z":0.22750484943389893},"rotation":{"x":-0.03447578847408295,"y":-0.8805606961250305,"z":0.06483843922615051,"w":-0.4682159125804901},"size":0.09752766042947769,"orthographic":false}