{"cameraMode":{"drawMode":0,"name":"Shaded","section":"Shading Mode"},"sceneLighting":false,"audioPlay":false,"sceneViewState":{"showFog":true,"showMaterialUpdate":true,"showSkybox":true,"showFlares":true,"showImageEffects":true,"showParticleSystems":true},"in2DMode":false,"pivot":{"x":0.22720666229724885,"y":0.4201960563659668,"z":-2.267916202545166},"rotation":{"x":-0.09342462569475174,"y":-0.028061846271157266,"z":0.0026289918459951879,"w":-0.9952831864356995},"size":0.08714652061462403,"orthographic":false}