{"cameraMode":{"drawMode":0,"name":"Shaded","section":"Shading Mode"},"sceneLighting":false,"audioPlay":false,"sceneViewState":{"showFog":true,"showMaterialUpdate":true,"showSkybox":false,"showFlares":true,"showImageEffects":true,"showParticleSystems":true},"in2DMode":false,"pivot":{"x":-0.5876586437225342,"y":0.2468791902065277,"z":-1.0752698183059693},"rotation":{"x":-0.03447578847408295,"y":-0.8805606961250305,"z":0.06483843922615051,"w":-0.4682159125804901},"size":0.8652716875076294,"orthographic":false}