{"cameraMode":{"drawMode":0,"name":"Shaded","section":"Shading Mode"},"sceneLighting":false,"audioPlay":false,"sceneViewState":{"showFog":true,"showMaterialUpdate":true,"showSkybox":false,"showFlares":true,"showImageEffects":true,"showParticleSystems":true},"in2DMode":false,"pivot":{"x":-0.7487436532974243,"y":0.24027827382087708,"z":-0.4382874369621277},"rotation":{"x":-0.03447578847408295,"y":-0.8805606961250305,"z":0.06483843922615051,"w":-0.4682159125804901},"size":0.4017944931983948,"orthographic":false}