{"cameraMode":{"drawMode":0,"name":"Shaded","section":"Shading Mode"},"sceneLighting":false,"audioPlay":false,"sceneViewState":{"showFog":true,"showMaterialUpdate":true,"showSkybox":false,"showFlares":true,"showImageEffects":true,"showParticleSystems":true},"in2DMode":false,"pivot":{"x":-1.162279725074768,"y":-0.21159392595291139,"z":0.0002231597900390625},"rotation":{"x":-0.03447578847408295,"y":-0.8805606961250305,"z":0.06483843922615051,"w":-0.4682159125804901},"size":1.0660020112991334,"orthographic":false}