{"cameraMode":{"drawMode":0,"name":"Shaded","section":"Shading Mode"},"sceneLighting":false,"audioPlay":false,"sceneViewState":{"showFog":true,"showMaterialUpdate":true,"showSkybox":false,"showFlares":true,"showImageEffects":true,"showParticleSystems":true},"in2DMode":false,"pivot":{"x":-0.6179985404014587,"y":0.2480865716934204,"z":1.0803405046463013},"rotation":{"x":-0.03447578847408295,"y":-0.8805606961250305,"z":0.06483843922615051,"w":-0.4682159125804901},"size":0.8548226952552795,"orthographic":false}